číslo,název,poř. číslo,"příjmení, jméno, tituly",věk,navrh. strana,polit. přísl.,abs.,v %,pořadí,mandát


4,Patrioti PRO Olomouc,42,Abšnajdr Viktor,41,NK,BEZPP,235,"1,75",-,-
13,ANO 2011,17,Adamíková Alena PhDr.,57,ANO,BEZPP,5 808,"2,33",5,-
3,"REPUBL.STR.ČECH,MORAVY A SLEZ.",23,Alka Ladislav,58,SPR-RSČMS,BEZPP,81,"2,08",-,-
2,Strana svobodných občanů,25,Ambrož Vladimír Ing.,34,Svobodní,BEZPP,503,"2,11",-,-
9,Koruna Česká (monarch.strana),14,Anderle Jiří,50,KČ,BEZPP,128,"2,92",-,-
9,Koruna Česká (monarch.strana),27,Anderlová Lucie,28,KČ,BEZPP,129,"2,94",-,-
1,Křesť.demokr.unie-Čs.str.lid.,20,Andree Kamil JUDr.,43,KDU-ČSL,BEZPP,2 410,"2,27",15,-
9,Koruna Česká (monarch.strana),3,Andrš Pavel MUDr.,50,KČ,KČ,358,"8,17",-,-
10,Strana Práv Občanů,1,Augustin Radek Mgr.,37,SPO,SPO,436,"8,02",-,-
10,Strana Práv Občanů,21,Augustinová Miluše,63,SPO,SPO,142,"2,61",-,-
9,Koruna Česká (monarch.strana),5,Bačovský Jaroslav doc. MUDr. CSc.,60,KČ,BEZPP,250,"5,71",-,-
14,Úsvit přímé demokracie,34,Bahounková Eva,38,Úsvit,BEZPP,471,"2,04",-,-
11,Občané pro Olomouc,43,Balarinová Michaela Mgr.,31,Zelení,BEZPP,1 342,"1,72",40,-
8,Občanská demokratická strana,22,Banková Jaromíra MUDr.,63,ODS,ODS,2 497,"2,12",17,-
2,Strana svobodných občanů,26,Bartoněk Michal,36,Svobodní,BEZPP,509,"2,14",-,-
4,Patrioti PRO Olomouc,36,Baštan Zdenek,30,NK,BEZPP,237,"1,77",-,-
1,Křesť.demokr.unie-Čs.str.lid.,18,Batlová Noemi Ing.,56,KDU-ČSL,BEZPP,2 362,"2,23",13,-
5,Česká str.sociálně demokrat.,17,Bednář Jan Ing.,59,ČSSD,ČSSD,4 475,"2,24",7,-
11,Občané pro Olomouc,2,Bednařík Pavel Mgr.,34,Zelení,Zelení,2 229,"2,85",3,*
12,Komunistická str.Čech a Moravy,4,Behro Miroslav,36,KSČM,KSČM,2 237,"2,36",4,*
13,ANO 2011,40,Bendová Jarmila,62,ANO,BEZPP,5 068,"2,03",28,-
12,Komunistická str.Čech a Moravy,22,Bergerová Věra,58,KSČM,BEZPP,2 071,"2,19",18,-
10,Strana Práv Občanů,15,Bieberle Josef doc. PhDr. CSc.,85,SPO,SPO,183,"3,37",-,-
10,Strana Práv Občanů,23,Bieganská Kateřina,19,SPO,BEZPP,127,"2,33",-,-
10,Strana Práv Občanů,11,Bieganská Veronika,22,SPO,BEZPP,155,"2,85",-,-
7,TOP 09,33,Bláha Rudolf RNDr.,75,TOP 09,TOP 09,2 003,"2,03",29,-
7,TOP 09,12,Blaťák Zdeněk Ing.,39,TOP 09,TOP 09,2 300,"2,33",10,-
14,Úsvit přímé demokracie,33,Bočánková Tereza,21,Úsvit,BEZPP,462,"2,01",-,-
5,Česká str.sociálně demokrat.,6,Boková Danuše,74,ČSSD,ČSSD,4 450,"2,23",6,*
1,Křesť.demokr.unie-Čs.str.lid.,15,Borik Jiří Mgr.,49,KDU-ČSL,BEZPP,2 552,"2,41",10,-
11,Občané pro Olomouc,34,Bouchal Jan Mgr. Ph.D.,41,NK,BEZPP,1 621,"2,07",31,-
1,Křesť.demokr.unie-Čs.str.lid.,24,Brabcová Jitka Ing. Ph.D.,53,KDU-ČSL,KDU-ČSL,2 308,"2,18",19,-
12,Komunistická str.Čech a Moravy,36,Bránka Karel,62,KSČM,KSČM,2 023,"2,14",32,-
13,ANO 2011,15,Brázdil Milan MUDr.,51,ANO,BEZPP,6 311,"2,53",1,*
6,ProOlomouc,10,Brázdová Eliška,34,ProOl,BEZPP,1 586,"3,26",8,-
11,Občané pro Olomouc,35,Brumar Michal Mgr. et Mgr.,29,Zelení,BEZPP,1 572,"2,01",32,-
7,TOP 09,40,Brzobohatý Robin Mgr.,33,TOP 09,TOP 09,1 834,"1,86",36,-
5,Česká str.sociálně demokrat.,33,Břečková Jarmila Mgr.,62,ČSSD,ČSSD,4 310,"2,16",23,-
2,Strana svobodných občanů,45,Břeňová Anděla,59,Svobodní,BEZPP,415,"1,74",-,-
8,Občanská demokratická strana,15,Bubeník Tomáš,35,ODS,BEZPP,2 596,"2,20",11,-
4,Patrioti PRO Olomouc,22,Buček Karel,46,NK,BEZPP,256,"1,91",-,-
4,Patrioti PRO Olomouc,32,Budka Radomír,39,NK,BEZPP,239,"1,78",-,-
1,Křesť.demokr.unie-Čs.str.lid.,30,Bureš Miroslav,51,KDU-ČSL,BEZPP,2 195,"2,07",25,-
11,Občané pro Olomouc,29,Calábková Dana Ing.,44,NK,BEZPP,1 601,"2,05",26,-
13,ANO 2011,13,Capka Jan,36,ANO,BEZPP,5 717,"2,29",2,-
1,Křesť.demokr.unie-Čs.str.lid.,37,Cetkovský Jan Ing.,79,KDU-ČSL,KDU-ČSL,2 157,"2,03",32,-
2,Strana svobodných občanů,30,Cigánková Hana Bc.,32,Svobodní,BEZPP,529,"2,22",-,-
2,Strana svobodných občanů,14,Coufal Milan,31,Svobodní,BEZPP,515,"2,16",-,-
5,Česká str.sociálně demokrat.,4,Czmero Jaromír Ing.,62,ČSSD,ČSSD,4 805,"2,41",4,*
5,Česká str.sociálně demokrat.,37,Czmero Rostislav,65,ČSSD,ČSSD,4 168,"2,09",27,-
5,Česká str.sociálně demokrat.,8,Čapka Radek Mgr.,47,ČSSD,ČSSD,4 858,"2,44",8,*
1,Křesť.demokr.unie-Čs.str.lid.,40,Čedroň Jiří Ing.,48,KDU-ČSL,BEZPP,2 082,"1,96",35,-
2,Strana svobodných občanů,44,Čechová Jitka,35,Svobodní,BEZPP,415,"1,74",-,-
1,Křesť.demokr.unie-Čs.str.lid.,36,Čepělová Ivana Bc.,34,KDU-ČSL,KDU-ČSL,2 121,"2,00",31,-
3,"REPUBL.STR.ČECH,MORAVY A SLEZ.",17,Černáš Pavel,53,SPR-RSČMS,BEZPP,79,"2,03",-,-
8,Občanská demokratická strana,11,Černohouz Zdeněk Mgr.,28,ODS,ODS,2 711,"2,30",8,-
13,ANO 2011,11,Červinka Filip Bc.,29,ANO,ANO,5 655,"2,26",12,*
2,Strana svobodných občanů,36,Čižmařová Iveta,34,Svobodní,BEZPP,490,"2,06",-,-
14,Úsvit přímé demokracie,39,Čižmařová Šárka,25,Úsvit,BEZPP,451,"1,96",-,-
9,Koruna Česká (monarch.strana),24,Čtvrtlíková Olga,39,KČ,BEZPP,121,"2,76",-,-
5,Česká str.sociálně demokrat.,10,Čulík Petr,27,ČSSD,ČSSD,4 532,"2,27",10,*
6,ProOlomouc,14,Daněk Mikuláš,23,ProOl,BEZPP,1 420,"2,92",12,-
6,ProOlomouc,3,Daněk Petr Ing. arch.,34,ProOl,ProOl,2 168,"4,46",1,-
9,Koruna Česká (monarch.strana),21,Danis Ladislav,48,KČ,BEZPP,124,"2,83",-,-
14,Úsvit přímé demokracie,44,Deak Roman,39,Úsvit,BEZPP,424,"1,84",-,-
3,"REPUBL.STR.ČECH,MORAVY A SLEZ.",11,Divina Jan,29,SPR-RSČMS,BEZPP,89,"2,29",-,-
11,Občané pro Olomouc,26,Dleštíková Hana JUDr.,64,Zelení,BEZPP,1 602,"2,05",23,-
10,Strana Práv Občanů,13,Dobeš Jan Ing. arch.,57,SPO,SPO,213,"3,92",-,-
3,"REPUBL.STR.ČECH,MORAVY A SLEZ.",13,Dočkal Petr,58,SPR-RSČMS,SPR-RSČMS,85,"2,19",-,-
12,Komunistická str.Čech a Moravy,24,Dokoupilová Ivanka PaedDr. CSc.,64,KSČM,BEZPP,2 064,"2,18",20,-
7,TOP 09,35,Dorazilová Kateřina MUDr.,48,TOP 09,BEZPP,2 191,"2,22",31,-
3,"REPUBL.STR.ČECH,MORAVY A SLEZ.",27,Dostál Bohumil,68,SPR-RSČMS,BEZPP,74,"1,90",-,-
1,Křesť.demokr.unie-Čs.str.lid.,13,Dostál Jan Ing.,53,KDU-ČSL,KDU-ČSL,2 459,"2,32",8,-
10,Strana Práv Občanů,25,Dostál Josef,79,SPO,BEZPP,120,"2,20",-,-
13,ANO 2011,38,Doubrava Martin,44,ANO,BEZPP,5 219,"2,09",26,-
10,Strana Práv Občanů,24,Dubčíková Pavlína,32,SPO,BEZPP,137,"2,52",-,-
3,"REPUBL.STR.ČECH,MORAVY A SLEZ.",2,Dufek Jiří,62,SPR-RSČMS,SPR-RSČMS,112,"2,88",-,-
2,Strana svobodných občanů,2,Dulka Radek Mgr.,34,Svobodní,Svobodní,718,"3,02",-,-
5,Česká str.sociálně demokrat.,28,Dvorský Roman Mgr.,48,ČSSD,ČSSD,4 356,"2,18",18,-
10,Strana Práv Občanů,4,Dvořák Václav RNDr.,63,SPO,SPO,284,"5,23",-,-
1,Křesť.demokr.unie-Čs.str.lid.,42,Dvořáková Markéta,34,KDU-ČSL,KDU-ČSL,1 984,"1,87",37,-
3,"REPUBL.STR.ČECH,MORAVY A SLEZ.",41,Endlicher Jiří,60,SPR-RSČMS,BEZPP,71,"1,82",-,-
10,Strana Práv Občanů,27,Faltejsková Iveta,40,SPO,BEZPP,144,"2,65",-,-
13,ANO 2011,9,Ferancová Miroslava Mgr.,47,ANO,ANO,5 855,"2,34",10,*
13,ANO 2011,1,Feranec Milan Mgr.,50,ANO,ANO,6 257,"2,51",2,*
1,Křesť.demokr.unie-Čs.str.lid.,17,Fišer Jiří RNDr. Ph.D.,45,KDU-ČSL,BEZPP,2 399,"2,26",12,-
12,Komunistická str.Čech a Moravy,10,Fišerová Ivona Bc.,30,KSČM,KSČM,2 194,"2,32",6,-
10,Strana Práv Občanů,28,Fišerová Milada,59,SPO,BEZPP,129,"2,37",-,-
4,Patrioti PRO Olomouc,40,Flachs Václav,32,NK,BEZPP,244,"1,82",-,-
6,ProOlomouc,22,Flidr Tomáš,39,ProOl,BEZPP,1 346,"2,77",20,-
14,Úsvit přímé demokracie,2,Foretník Pavel RNDr.,64,Úsvit,BEZPP,818,"3,55",-,-
4,Patrioti PRO Olomouc,7,Foukalová Vladimíra Mgr.,43,NK,BEZPP,417,"3,12",-,-
2,Strana svobodných občanů,4,Fraitová Jana,69,Svobodní,Svobodní,603,"2,53",-,-
8,Občanská demokratická strana,14,Frank Jan Ing.,44,ODS,ODS,2 487,"2,11",10,-
5,Česká str.sociálně demokrat.,26,Fürst Dušan Ing.,65,ČSSD,ČSSD,4 361,"2,19",16,-
5,Česká str.sociálně demokrat.,24,Galuszková Dana MUDr. Ph.D.,55,ČSSD,ČSSD,4 701,"2,36",14,-
4,Patrioti PRO Olomouc,17,Gazárková Andrea,22,NK,BEZPP,266,"1,99",-,-
2,Strana svobodných občanů,13,Gazda Ondřej Ing.,33,Svobodní,BEZPP,525,"2,21",-,-
1,Křesť.demokr.unie-Čs.str.lid.,2,Giacintov Michal Ing. arch.,51,KDU-ČSL,BEZPP,3 097,"2,92",2,*
1,Křesť.demokr.unie-Čs.str.lid.,43,Goš Karel PhDr.,44,KDU-ČSL,KDU-ČSL,1 910,"1,80",38,-
8,Občanská demokratická strana,18,Gottwald Jan,32,ODS,BEZPP,2 844,"2,41",13,-
6,ProOlomouc,1,Grasse Pavel Ing. arch.,53,ProOl,ProOl,2 448,"5,04",1,*
12,Komunistická str.Čech a Moravy,37,Grossová Jitka PhDr.,71,KSČM,KSČM,2 008,"2,12",33,-
1,Křesť.demokr.unie-Čs.str.lid.,16,Hainc Rostislav Ing. Bc.,26,KDU-ČSL,BEZPP,2 454,"2,32",11,-
2,Strana svobodných občanů,15,Hájek Jakub,24,Svobodní,BEZPP,525,"2,21",-,-
4,Patrioti PRO Olomouc,23,Hajná Marcela,47,NK,BEZPP,259,"1,93",-,-
8,Občanská demokratická strana,21,Hálek Jan prof. Ing. CSc.,71,ODS,ODS,2 753,"2,34",16,-
14,Úsvit přímé demokracie,10,Hampl Josef,68,Úsvit,BEZPP,500,"2,17",-,-
8,Občanská demokratická strana,7,Hanáková Marcela PhDr.,55,ODS,ODS,2 688,"2,28",6,-
4,Patrioti PRO Olomouc,5,Handlová Eleonora Ing.,47,NK,BEZPP,452,"3,38",-,-
3,"REPUBL.STR.ČECH,MORAVY A SLEZ.",34,Hanelová Božena,63,SPR-RSČMS,SPR-RSČMS,75,"1,93",-,-
12,Komunistická str.Čech a Moravy,43,Hanusová Jana,73,KSČM,KSČM,1 913,"2,02",39,-
8,Občanská demokratická strana,13,Hapal Pavel,45,ODS,BEZPP,2 953,"2,51",2,-
14,Úsvit přímé demokracie,8,Haviger Radek Bc.,39,Úsvit,BEZPP,551,"2,39",-,-
2,Strana svobodných občanů,40,Havlénová Petra,27,Svobodní,BEZPP,471,"1,98",-,-
13,ANO 2011,31,Hebelka Milan Bc.,35,ANO,BEZPP,5 444,"2,18",19,-
8,Občanská demokratická strana,5,Hejtmánek Pavel MUDr.,44,ODS,ODS,2 840,"2,41",4,-
6,ProOlomouc,4,Helcel David Ing. arch.,47,ProOl,ProOl,2 038,"4,19",2,-
4,Patrioti PRO Olomouc,45,Herciková Jarmila,38,NK,BEZPP,207,"1,54",-,-
2,Strana svobodných občanů,38,Hilšerová Hana,58,Svobodní,BEZPP,465,"1,95",-,-
3,"REPUBL.STR.ČECH,MORAVY A SLEZ.",33,Hlavatý Petr,56,SPR-RSČMS,SPR-RSČMS,83,"2,13",-,-
6,ProOlomouc,28,Hlavsa Jan,33,ProOl,BEZPP,1 345,"2,77",26,-
3,"REPUBL.STR.ČECH,MORAVY A SLEZ.",26,Hlivková Pavlína,46,SPR-RSČMS,BEZPP,79,"2,03",-,-
5,Česká str.sociálně demokrat.,23,Hofírek Pavel Mgr.,32,ČSSD,ČSSD,4 446,"2,23",13,-
5,Česká str.sociálně demokrat.,21,Holánek Petr JUDr. Mgr. Bc. Ph.D.,53,ČSSD,ČSSD,4 506,"2,26",11,-
5,Česká str.sociálně demokrat.,19,Holásek Radan Ing.,28,ČSSD,ČSSD,4 410,"2,21",9,-
8,Občanská demokratická strana,32,Holečková Monika Ing.,48,ODS,ODS,2 492,"2,11",27,-
11,Občané pro Olomouc,30,Holík Václav,30,Piráti,BEZPP,1 607,"2,06",27,-
11,Občané pro Olomouc,19,Holík Vlastimil,30,Piráti,Piráti,1 629,"2,08",16,-
8,Občanská demokratická strana,2,Holpuch Jan RNDr. Ph.D.,42,ODS,ODS,3 367,"2,86",3,*
2,Strana svobodných občanů,35,Holub Tomáš,30,Svobodní,BEZPP,491,"2,06",-,-
9,Koruna Česká (monarch.strana),7,Holzer Miloš RNDr.,63,KČ,BEZPP,261,"5,96",-,-
7,TOP 09,30,Horáček Evžen Ing.,55,TOP 09,BEZPP,2 100,"2,13",26,-
1,Křesť.demokr.unie-Čs.str.lid.,26,Horák Petr Mgr.,67,KDU-ČSL,KDU-ČSL,2 252,"2,12",21,-
2,Strana svobodných občanů,8,Horák Viktor Bc.,38,Svobodní,Svobodní,576,"2,42",-,-
2,Strana svobodných občanů,11,Hošek Radovan Ing.,45,Svobodní,BEZPP,621,"2,61",-,-
11,Občané pro Olomouc,7,Hrabal Jiří Mgr. Ph.D.,40,Zelení,BEZPP,2 102,"2,69",3,-
3,"REPUBL.STR.ČECH,MORAVY A SLEZ.",22,Hrabský Martin,44,SPR-RSČMS,SPR-RSČMS,84,"2,16",-,-
2,Strana svobodných občanů,42,Hrachovinová Daniela,48,Svobodní,BEZPP,436,"1,83",-,-
12,Komunistická str.Čech a Moravy,19,Hrbáček Petr Ing.,65,KSČM,KSČM,2 110,"2,23",15,-
12,Komunistická str.Čech a Moravy,44,Hrbáčková Zdeňka,70,KSČM,KSČM,1 886,"1,99",40,-
8,Občanská demokratická strana,25,Hroch Petr Mgr.,44,ODS,BEZPP,2 642,"2,24",20,-
13,ANO 2011,26,Hrstková Monika Ing.,28,ANO,ANO,5 601,"2,24",14,-
6,ProOlomouc,24,Hrubanová Věra MUDr.,55,ProOl,BEZPP,1 429,"2,94",22,-
2,Strana svobodných občanů,5,Hruška Pavel Mgr.,38,Svobodní,Svobodní,663,"2,79",-,-
2,Strana svobodných občanů,3,Hrušková Břeňová Pavla Mgr.,35,Svobodní,Svobodní,763,"3,21",-,-
7,TOP 09,28,Hudeček Jiří Mgr.,66,TOP 09,BEZPP,2 057,"2,08",24,-
4,Patrioti PRO Olomouc,12,Hulman Dušan,50,NK,BEZPP,300,"2,24",-,-
5,Česká str.sociálně demokrat.,16,Hušek Václav Mgr.,70,ČSSD,ČSSD,4 411,"2,21",6,-
3,"REPUBL.STR.ČECH,MORAVY A SLEZ.",36,Hynek František,61,SPR-RSČMS,BEZPP,70,"1,80",-,-
6,ProOlomouc,12,Chalupa Tomáš Mgr.,34,ProOl,BEZPP,1 630,"3,35",10,-
9,Koruna Česká (monarch.strana),19,Chladnuch Jan,71,KČ,BEZPP,119,"2,71",-,-
11,Občané pro Olomouc,28,Chmel Petr,35,Piráti,Piráti,1 632,"2,09",25,-
10,Strana Práv Občanů,17,Chodilová Miluše,38,SPO,BEZPP,148,"2,72",-,-
8,Občanská demokratická strana,40,Chochola Martin,42,ODS,ODS,2 256,"1,91",35,-
7,TOP 09,41,Chytil Pavel MUDr. Mgr. MBA,45,TOP 09,TOP 09,1 804,"1,83",37,-
3,"REPUBL.STR.ČECH,MORAVY A SLEZ.",25,Ilgner Vladimír Ing.,73,SPR-RSČMS,BEZPP,82,"2,11",-,-
4,Patrioti PRO Olomouc,11,Ilíková Dana Mgr.,45,NK,BEZPP,294,"2,20",-,-
12,Komunistická str.Čech a Moravy,31,Jadrná Antonie,68,KSČM,KSČM,2 040,"2,16",27,-
7,TOP 09,1,Jakubec Aleš RNDr. Ph.D.,38,TOP 09,TOP 09,3 178,"3,22",1,*
11,Občané pro Olomouc,25,Jakubec Antonín,54,NK,BEZPP,1 596,"2,04",22,-
3,"REPUBL.STR.ČECH,MORAVY A SLEZ.",43,Jančík Zdenek,76,SPR-RSČMS,BEZPP,75,"1,93",-,-
9,Koruna Česká (monarch.strana),13,Jančík Zdeněk PaedDr.,54,KČ,BEZPP,126,"2,87",-,-
3,"REPUBL.STR.ČECH,MORAVY A SLEZ.",40,Jančíková Hana,64,SPR-RSČMS,BEZPP,72,"1,85",-,-
10,Strana Práv Občanů,19,Jankovský Adolf PhDr.,77,SPO,BEZPP,162,"2,98",-,-
4,Patrioti PRO Olomouc,6,Ječmínek Miroslav,59,NK,BEZPP,357,"2,67",-,-
6,ProOlomouc,19,Jeništa Alexandr Mgr.,37,ProOl,BEZPP,1 533,"3,15",17,-
11,Občané pro Olomouc,14,Jeništová Ivana,66,NK,BEZPP,1 853,"2,37",11,-
12,Komunistická str.Čech a Moravy,41,Jeřábek Stanislav,63,KSČM,KSČM,1 984,"2,10",37,-
8,Občanská demokratická strana,29,Jílek Jan,30,ODS,BEZPP,2 495,"2,12",24,-
5,Česká str.sociálně demokrat.,32,Jirásek Stanislav Mgr. MBA,49,ČSSD,ČSSD,4 407,"2,21",22,-
6,ProOlomouc,15,"Johnová Magda Ada MgA., BcA.",36,ProOl,BEZPP,1 526,"3,14",13,-
14,Úsvit přímé demokracie,13,Josefčuk Jiří,39,Úsvit,BEZPP,484,"2,10",-,-
9,Koruna Česká (monarch.strana),9,Juna Jan Ing.,53,KČ,BEZPP,167,"3,81",-,-
6,ProOlomouc,17,Jung Adam,25,ProOl,BEZPP,1 408,"2,90",15,-
6,ProOlomouc,8,Jung Filip Mgr.,28,ProOl,BEZPP,1 593,"3,28",6,-
14,Úsvit přímé demokracie,30,Jurečka Tomáš,26,Úsvit,BEZPP,481,"2,09",-,-
8,Občanská demokratická strana,26,Kacanu Eva,49,ODS,BEZPP,2 689,"2,28",21,-
3,"REPUBL.STR.ČECH,MORAVY A SLEZ.",18,Kadlec Miroslav,75,SPR-RSČMS,SPR-RSČMS,77,"1,98",-,-
10,Strana Práv Občanů,5,Kaláb Stanislav Mgr.,63,SPO,BEZPP,276,"5,08",-,-
1,Křesť.demokr.unie-Čs.str.lid.,4,Kalodová Ivana,46,KDU-ČSL,KDU-ČSL,2 710,"2,56",5,*
12,Komunistická str.Čech a Moravy,26,Kania Jindřich PaedDr.,61,KSČM,KSČM,2 121,"2,24",22,-
4,Patrioti PRO Olomouc,9,Kapplová Olga JUDr. Ph.D.,64,NK,BEZPP,367,"2,74",-,-
12,Komunistická str.Čech a Moravy,30,Karafiát Josef,56,KSČM,KSČM,2 083,"2,20",26,-
13,ANO 2011,43,Karger Josef Ing.,73,ANO,BEZPP,4 757,"1,90",31,-
7,TOP 09,32,Kašpar Martin,26,TOP 09,TOP 09,2 043,"2,07",28,-
8,Občanská demokratická strana,12,Kašpar Radim PhDr.,29,ODS,ODS,2 501,"2,12",9,-
1,Křesť.demokr.unie-Čs.str.lid.,39,Kauer Vladimír,38,KDU-ČSL,KDU-ČSL,2 058,"1,94",34,-
10,Strana Práv Občanů,8,Kellnerová Lenka,38,SPO,BEZPP,197,"3,62",-,-
2,Strana svobodných občanů,18,Keprt David Mgr.,32,Svobodní,BEZPP,509,"2,14",-,-
12,Komunistická str.Čech a Moravy,23,Klásek Ivan,69,KSČM,KSČM,2 079,"2,20",19,-
10,Strana Práv Občanů,20,Klčová Jitka,51,SPO,BEZPP,142,"2,61",-,-
2,Strana svobodných občanů,17,Kleinová Marta Ing.,32,Svobodní,BEZPP,528,"2,22",-,-
14,Úsvit přímé demokracie,20,Klímek Bohdan Ing.,50,Úsvit,BEZPP,489,"2,12",-,-
14,Úsvit přímé demokracie,26,Kobza Lukáš,26,Úsvit,BEZPP,506,"2,20",-,-
14,Úsvit přímé demokracie,4,Kociánová Helena,53,Úsvit,BEZPP,603,"2,62",-,-
11,Občané pro Olomouc,12,Kocourek František Ing.,41,Zelení,Zelení,1 731,"2,22",9,-
13,ANO 2011,29,Kolářová Eva  Dipl. Mgmt.,58,ANO,BEZPP,5 464,"2,19",17,-
1,Křesť.demokr.unie-Čs.str.lid.,6,Kolomazníková Jana PhDr.,37,KDU-ČSL,BEZPP,2 626,"2,48",1,-
8,Občanská demokratická strana,30,Konečná Olga,81,ODS,ODS,2 420,"2,05",25,-
1,Křesť.demokr.unie-Čs.str.lid.,8,Konečná Renata Mgr.,41,KDU-ČSL,KDU-ČSL,2 436,"2,30",3,-
1,Křesť.demokr.unie-Čs.str.lid.,25,Konečný Petr Mgr. Ing.,47,KDU-ČSL,KDU-ČSL,2 452,"2,31",20,-
10,Strana Práv Občanů,12,Konečný Richard,46,SPO,SPO,150,"2,76",-,-
12,Komunistická str.Čech a Moravy,38,Kopečný Antonín Ing.,69,KSČM,KSČM,2 008,"2,12",34,-
11,Občané pro Olomouc,9,Korda Jakub Mgr. Ph.D.,37,Zelení,Zelení,2 081,"2,66",4,-
14,Úsvit přímé demokracie,9,Korotvička Ladislav MUDr.,62,Úsvit,BEZPP,669,"2,91",-,-
11,Občané pro Olomouc,10,Kořínek Richard Mgr.,41,NK,BEZPP,2 191,"2,81",1,-
8,Občanská demokratická strana,6,Kosatík Ivan RNDr.,56,ODS,ODS,2 871,"2,44",5,-
1,Křesť.demokr.unie-Čs.str.lid.,5,Kosina Ivo,45,KDU-ČSL,KDU-ČSL,2 547,"2,40",2,-
1,Křesť.demokr.unie-Čs.str.lid.,22,Koubek Martin Ing.,44,KDU-ČSL,KDU-ČSL,2 304,"2,17",17,-
11,Občané pro Olomouc,22,Koukal Ivo Ing.,47,NK,BEZPP,1 677,"2,15",19,-
12,Komunistická str.Čech a Moravy,45,Kouřil Jan,78,KSČM,KSČM,1 817,"1,92",41,-
14,Úsvit přímé demokracie,32,Kousal David Mgr.,35,Úsvit,BEZPP,481,"2,09",-,-
11,Občané pro Olomouc,1,Kovaříková Dominika Mgr.,36,NK,BEZPP,2 539,"3,25",1,*
4,Patrioti PRO Olomouc,44,Kováříková Radka,38,NK,BEZPP,226,"1,69",-,-
1,Křesť.demokr.unie-Čs.str.lid.,23,Kozák Richard Mgr.,41,KDU-ČSL,KDU-ČSL,2 273,"2,14",18,-
12,Komunistická str.Čech a Moravy,18,Krajsová Jana,55,KSČM,KSČM,2 109,"2,23",14,-
14,Úsvit přímé demokracie,37,Král Jaroslav,58,Úsvit,BEZPP,468,"2,03",-,-
1,Křesť.demokr.unie-Čs.str.lid.,11,Král Milan MUDr. Ph.D.,35,KDU-ČSL,BEZPP,2 566,"2,42",6,-
9,Koruna Česká (monarch.strana),1,Králík Zdeněk MVDr.,69,KČ,BEZPP,343,"7,83",-,-
5,Česká str.sociálně demokrat.,12,Krček Antonín,66,ČSSD,ČSSD,4 459,"2,24",2,-
14,Úsvit přímé demokracie,31,Krečman Karel,60,Úsvit,BEZPP,455,"1,98",-,-
10,Strana Práv Občanů,14,Krejčí Květoslav PhDr.,61,SPO,BEZPP,156,"2,87",-,-
11,Občané pro Olomouc,4,Krejčí Michal Mgr.,40,NK,LES,2 280,"2,92",2,*
4,Patrioti PRO Olomouc,31,Krejzová Ivana,44,NK,BEZPP,260,"1,94",-,-
4,Patrioti PRO Olomouc,20,Krmela Jan,27,NK,BEZPP,268,"2,00",-,-
5,Česká str.sociálně demokrat.,7,Kropáč Jiří Ing.,59,ČSSD,ČSSD,4 633,"2,32",7,*
12,Komunistická str.Čech a Moravy,5,Kropáček Antonín Ing.,51,KSČM,KSČM,2 275,"2,40",1,-
4,Patrioti PRO Olomouc,30,Kroutil Mario,21,NK,BEZPP,256,"1,91",-,-
12,Komunistická str.Čech a Moravy,14,Krsková Lenka,44,KSČM,KSČM,2 201,"2,33",10,-
6,ProOlomouc,27,Krtičková Blanka MUDr.,57,ProOl,BEZPP,1 584,"3,26",25,-
9,Koruna Česká (monarch.strana),20,Kryl Tomáš Ing.,38,KČ,BEZPP,151,"3,44",-,-
13,ANO 2011,21,Kryl Václav,49,ANO,ANO,5 578,"2,23",9,-
14,Úsvit přímé demokracie,35,Křena Miroslav,59,Úsvit,BEZPP,457,"1,98",-,-
1,Křesť.demokr.unie-Čs.str.lid.,31,Křivánek Jaroslav Mgr.,35,KDU-ČSL,BEZPP,2 232,"2,11",26,-
13,ANO 2011,18,Křivánková Janka Mgr.,41,ANO,ANO,5 684,"2,28",6,-
3,"REPUBL.STR.ČECH,MORAVY A SLEZ.",10,Kuba Dalibor Ing.,70,SPR-RSČMS,SPR-RSČMS,99,"2,55",-,-
9,Koruna Česká (monarch.strana),26,Kuba Václav,34,KČ,BEZPP,143,"3,26",-,-
9,Koruna Česká (monarch.strana),15,Kubáč Stanislav Ing.,29,KČ,BEZPP,139,"3,17",-,-
11,Občané pro Olomouc,42,Kubíček Miroslav Mgr.,30,Zelení,BEZPP,1 400,"1,79",39,-
9,Koruna Česká (monarch.strana),11,Kubová Mária,62,KČ,BEZPP,119,"2,71",-,-
1,Křesť.demokr.unie-Čs.str.lid.,33,Kučera Martin PhDr.,33,KDU-ČSL,BEZPP,2 191,"2,07",28,-
4,Patrioti PRO Olomouc,16,Kučera Michal,22,NK,BEZPP,260,"1,94",-,-
6,ProOlomouc,26,Kůdelová Jirsová Eva,35,ProOl,BEZPP,1 349,"2,77",24,-
13,ANO 2011,12,Kuchař Jaroslav Ing.,58,ANO,ANO,5 773,"2,31",1,-
13,ANO 2011,14,Kuchválek Miroslav,67,ANO,ANO,5 625,"2,25",3,-
7,TOP 09,42,Kunc Radovan Ing.,49,TOP 09,TOP 09,1 698,"1,72",38,-
14,Úsvit přímé demokracie,14,Kůstka Jakub,25,Úsvit,BEZPP,498,"2,16",-,-
14,Úsvit přímé demokracie,3,Kůstka Martin Ing.,48,Úsvit,VV,665,"2,89",-,-
14,Úsvit přímé demokracie,22,Kůstková Pavlína,46,Úsvit,BEZPP,483,"2,10",-,-
7,TOP 09,26,Kutra Petr,65,TOP 09,BEZPP,2 150,"2,18",22,-
1,Křesť.demokr.unie-Čs.str.lid.,44,Kvapil Břetislav Ing.,59,KDU-ČSL,BEZPP,1 802,"1,70",39,-
9,Koruna Česká (monarch.strana),22,Kvapil Tomáš,75,KČ,BEZPP,114,"2,60",-,-
8,Občanská demokratická strana,16,Kvapil Vladislav,53,ODS,ODS,2 905,"2,46",3,-
1,Křesť.demokr.unie-Čs.str.lid.,10,Kvapilová Kristina Mgr.,25,KDU-ČSL,KDU-ČSL,2 499,"2,36",5,-
5,Česká str.sociálně demokrat.,29,Labská Hana,59,ČSSD,ČSSD,4 406,"2,21",19,-
13,ANO 2011,20,Lakomá Iva RNDr.,51,ANO,BEZPP,5 664,"2,27",8,-
7,TOP 09,44,Langer Adam,18,TOP 09,TOP 09,1 536,"1,55",40,-
7,TOP 09,17,Langer Milan Mgr.,55,TOP 09,BEZPP,2 494,"2,53",2,-
4,Patrioti PRO Olomouc,39,Láník Karel,23,NK,BEZPP,233,"1,74",-,-
4,Patrioti PRO Olomouc,13,Látalová Aneta Ing.,25,NK,BEZPP,304,"2,27",-,-
7,TOP 09,37,Letocha Dušan Ing.,46,TOP 09,TOP 09,1 929,"1,95",33,-
13,ANO 2011,30,Lindner Radim Mgr.,36,ANO,BEZPP,5 508,"2,20",18,-
2,Strana svobodných občanů,37,Linhart Miloš,43,Svobodní,BEZPP,498,"2,09",-,-
7,TOP 09,19,Lochmanová Ludmila doc. JUDr. Ph.D.,55,TOP 09,TOP 09,2 311,"2,34",15,-
7,TOP 09,22,Losert Svatopluk,57,TOP 09,TOP 09,2 156,"2,18",18,-
13,ANO 2011,7,Lošťák Jaromír,41,ANO,ANO,5 839,"2,34",8,*
6,ProOlomouc,5,Lubič Martin ak. soch.,52,ProOl,ProOl,2 008,"4,13",3,-
3,"REPUBL.STR.ČECH,MORAVY A SLEZ.",6,Lutrová Radka,41,SPR-RSČMS,BEZPP,102,"2,62",-,-
6,ProOlomouc,6,Macek Petr,34,ProOl,ProOl,1 774,"3,65",4,-
12,Komunistická str.Čech a Moravy,6,Mádr Marek Mgr.,42,KSČM,BEZPP,2 217,"2,34",2,-
4,Patrioti PRO Olomouc,28,Macháček Petr,34,NK,BEZPP,246,"1,84",-,-
7,TOP 09,6,Machová Eva Mgr.,57,TOP 09,TOP 09,2 904,"2,94",2,*
8,Občanská demokratická strana,1,Major Martin JUDr. MBA,35,ODS,ODS,3 581,"3,04",1,*
4,Patrioti PRO Olomouc,18,Malík Michal Ing.,28,NK,BEZPP,285,"2,13",-,-
12,Komunistická str.Čech a Moravy,15,Marčan Vladimír,58,KSČM,BEZPP,2 130,"2,25",11,-
8,Občanská demokratická strana,23,Mareček Lukáš Mgr.,32,ODS,BEZPP,2 654,"2,25",18,-
12,Komunistická str.Čech a Moravy,1,Marek Miroslav Ing.,61,KSČM,KSČM,2 356,"2,49",1,*
8,Občanská demokratická strana,9,Mareš Ivo MUDr. MBA,50,ODS,ODS,3 129,"2,65",5,*
6,ProOlomouc,23,Mareš Jaroslav,38,ProOl,BEZPP,1 339,"2,75",21,-
6,ProOlomouc,18,Mareš Michal,38,ProOl,BEZPP,1 407,"2,89",16,-
12,Komunistická str.Čech a Moravy,7,Marková Kateřina Ing.,28,KSČM,BEZPP,2 227,"2,35",3,-
12,Komunistická str.Čech a Moravy,33,Martinů Ludmila,64,KSČM,KSČM,2 026,"2,14",29,-
9,Koruna Česká (monarch.strana),23,Martynov Petr,62,KČ,BEZPP,113,"2,58",-,-
9,Koruna Česká (monarch.strana),12,Martynov Viktor Mgr.,58,KČ,BEZPP,122,"2,78",-,-
10,Strana Práv Občanů,7,Mastík Jiří Mgr.,48,SPO,BEZPP,191,"3,51",-,-
2,Strana svobodných občanů,10,Maťašovský Martin Mgr.,34,Svobodní,BEZPP,576,"2,42",-,-
4,Patrioti PRO Olomouc,3,Matějková Soňa Mgr.,33,NK,BEZPP,519,"3,88",-,-
11,Občané pro Olomouc,17,Mátlová Kateřina Ing.,30,Piráti,BEZPP,1 658,"2,12",14,-
11,Občané pro Olomouc,32,Matýsek Tomáš Bc.,29,NK,BEZPP,1 590,"2,03",29,-
3,"REPUBL.STR.ČECH,MORAVY A SLEZ.",21,Mazal Karel,47,SPR-RSČMS,SPR-RSČMS,88,"2,26",-,-
1,Křesť.demokr.unie-Čs.str.lid.,28,Mazoch Michael MVDr.,58,KDU-ČSL,BEZPP,2 428,"2,29",23,-
5,Česká str.sociálně demokrat.,13,Medveďová Gabriela Mgr.,41,ČSSD,ČSSD,4 649,"2,33",3,-
4,Patrioti PRO Olomouc,19,Melicherová Kristýna,26,NK,BEZPP,280,"2,09",-,-
5,Česká str.sociálně demokrat.,22,Mencl Michael Mgr.,31,ČSSD,ČSSD,4 455,"2,23",12,-
2,Strana svobodných občanů,23,Menoušek Jaroslav Ing.,32,Svobodní,BEZPP,500,"2,10",-,-
6,ProOlomouc,16,Mertová Martina Mgr.,36,ProOl,BEZPP,1 531,"3,15",14,-
5,Česká str.sociálně demokrat.,11,"Mezihorák František Prof. PhDr. CSc., dr.h.c.",77,ČSSD,ČSSD,4 798,"2,41",1,-
7,TOP 09,15,Mihal Jaroslav Ing.,37,TOP 09,TOP 09,2 271,"2,30",13,-
12,Komunistická str.Čech a Moravy,9,Michálek Petr Mgr.,72,KSČM,KSČM,2 161,"2,28",5,-
13,ANO 2011,5,Mikeš František Ing.,67,ANO,ANO,5 807,"2,32",6,*
3,"REPUBL.STR.ČECH,MORAVY A SLEZ.",37,Mikloš Jaroslav,72,SPR-RSČMS,BEZPP,74,"1,90",-,-
14,Úsvit přímé demokracie,25,Mikšíová Karla,23,Úsvit,BEZPP,473,"2,05",-,-
13,ANO 2011,28,Milov Petr,23,ANO,BEZPP,5 449,"2,18",16,-
4,Patrioti PRO Olomouc,14,Minárik Tomáš,43,NK,BEZPP,259,"1,93",-,-
5,Česká str.sociálně demokrat.,38,Minařík František Ing.,68,ČSSD,ČSSD,4 133,"2,07",28,-
3,"REPUBL.STR.ČECH,MORAVY A SLEZ.",45,Mlčoch Josef,82,SPR-RSČMS,BEZPP,76,"1,95",-,-
2,Strana svobodných občanů,6,Modrianský Miroslav,59,Svobodní,Svobodní,564,"2,37",-,-
11,Občané pro Olomouc,45,Molin Ondřej Mgr.,32,NK,BEZPP,1 176,"1,50",42,-
13,ANO 2011,34,Molnár Jakub Bc.,23,ANO,BEZPP,5 327,"2,13",22,-
10,Strana Práv Občanů,3,Motyka Jeroným,62,SPO,SPO,239,"4,40",-,-
10,Strana Práv Občanů,22,Motyková Naděžda,61,SPO,SPO,142,"2,61",-,-
7,TOP 09,11,Moudrá Jana Ing.,54,TOP 09,TOP 09,2 290,"2,32",9,-
3,"REPUBL.STR.ČECH,MORAVY A SLEZ.",7,Mráček Roman,45,SPR-RSČMS,BEZPP,93,"2,39",-,-
5,Česká str.sociálně demokrat.,36,Mrajca Jan,59,ČSSD,ČSSD,4 186,"2,10",26,-
12,Komunistická str.Čech a Moravy,13,Mulák Pavel Alexej,34,KSČM,KSČM,2 141,"2,26",9,-
6,ProOlomouc,9,Mutňanský Jan MDDr.,29,ProOl,BEZPP,1 600,"3,29",7,-
7,TOP 09,2,Navrátil Petr Ing. Ph.D.,53,TOP 09,TOP 09,2 486,"2,52",4,-
2,Strana svobodných občanů,27,Němcová Vladimíra,55,Svobodní,BEZPP,496,"2,08",-,-
2,Strana svobodných občanů,39,Němec Jiří Ing.,31,Svobodní,BEZPP,460,"1,93",-,-
8,Občanská demokratická strana,3,Neoral Čestmír prof. MUDr. CSc.,61,ODS,BEZPP,3 471,"2,95",2,*
11,Občané pro Olomouc,6,Nepejchal Jakub Bc.,27,Piráti,Piráti,1 925,"2,46",7,-
2,Strana svobodných občanů,1,Nepšinský Roman Mgr.,35,Svobodní,Svobodní,775,"3,26",-,-
3,"REPUBL.STR.ČECH,MORAVY A SLEZ.",35,Nétek Lukáš,34,SPR-RSČMS,SPR-RSČMS,73,"1,88",-,-
8,Občanská demokratická strana,42,Novák Antonín Mgr.,36,ODS,ODS,2 152,"1,82",37,-
3,"REPUBL.STR.ČECH,MORAVY A SLEZ.",38,Novák David,32,SPR-RSČMS,BEZPP,77,"1,98",-,-
7,TOP 09,31,Novák Jiří MUDr.,48,TOP 09,BEZPP,2 079,"2,11",27,-
3,"REPUBL.STR.ČECH,MORAVY A SLEZ.",9,Nováková Lena,49,SPR-RSČMS,BEZPP,92,"2,37",-,-
8,Občanská demokratická strana,34,Nováková Marie,75,ODS,ODS,2 388,"2,03",29,-
9,Koruna Česká (monarch.strana),6,Novotná Eva Mgr.,47,KČ,BEZPP,167,"3,81",-,-
8,Občanská demokratická strana,4,Novotná Věra,40,ODS,ODS,3 091,"2,62",1,-
3,"REPUBL.STR.ČECH,MORAVY A SLEZ.",28,Novotná Zdeňka,56,SPR-RSČMS,BEZPP,79,"2,03",-,-
2,Strana svobodných občanů,29,Novotná Faltýnková Lenka,51,Svobodní,BEZPP,479,"2,01",-,-
2,Strana svobodných občanů,19,Novotný Jiří Ing.,54,Svobodní,BEZPP,507,"2,13",-,-
5,Česká str.sociálně demokrat.,35,Novotný Milan,63,ČSSD,ČSSD,4 237,"2,12",25,-
3,"REPUBL.STR.ČECH,MORAVY A SLEZ.",5,Novotný Viktor,56,SPR-RSČMS,SPR-RSČMS,108,"2,78",-,-
7,TOP 09,36,Nykl Jan Mgr.,50,TOP 09,TOP 09,1 949,"1,97",32,-
11,Občané pro Olomouc,5,Ondroušek Josef Mgr.,46,NK,BEZPP,1 964,"2,51",6,-
7,TOP 09,23,"Ondrová Dana MUDr. Ph.D., MBA",46,TOP 09,TOP 09,2 238,"2,27",19,-
3,"REPUBL.STR.ČECH,MORAVY A SLEZ.",15,Otisk Petr,66,SPR-RSČMS,BEZPP,73,"1,88",-,-
3,"REPUBL.STR.ČECH,MORAVY A SLEZ.",12,Otisková Marcela,64,SPR-RSČMS,BEZPP,81,"2,08",-,-
3,"REPUBL.STR.ČECH,MORAVY A SLEZ.",39,Ovčáčíková Alena PhDr.,58,SPR-RSČMS,BEZPP,115,"2,96",-,-
13,ANO 2011,32,"Padalík Ilja  LLM,MSc, BA",43,ANO,BEZPP,5 444,"2,18",20,-
1,Křesť.demokr.unie-Čs.str.lid.,27,Pachta Petr Mgr.,30,KDU-ČSL,KDU-ČSL,2 232,"2,11",22,-
11,Občané pro Olomouc,37,Palaščáková Dita Mgr.,34,Zelení,NV,1 630,"2,09",34,-
9,Koruna Česká (monarch.strana),8,Palatý Marta,73,KČ,KČ,127,"2,90",-,-
3,"REPUBL.STR.ČECH,MORAVY A SLEZ.",14,Palmová Jaroslava,57,SPR-RSČMS,SPR-RSČMS,78,"2,00",-,-
1,Křesť.demokr.unie-Čs.str.lid.,14,Parma Tomáš Mgr. Ph.D.,43,KDU-ČSL,BEZPP,2 411,"2,27",9,-
9,Koruna Česká (monarch.strana),4,Pavlíková Jana Bc.,35,KČ,BEZPP,143,"3,26",-,-
8,Občanská demokratická strana,44,Pavlůsek Tomáš,41,ODS,ODS,2 047,"1,74",39,-
4,Patrioti PRO Olomouc,10,Pazdera Martin,33,NK,BEZPP,293,"2,19",-,-
6,ProOlomouc,2,Pejpek Tomáš Ing. arch.,47,ProOl,ProOl,2 403,"4,95",2,*
9,Koruna Česká (monarch.strana),25,Pekár Martin,36,KČ,BEZPP,112,"2,55",-,-
1,Křesť.demokr.unie-Čs.str.lid.,3,Pelikán Matouš Mgr.,32,KDU-ČSL,KDU-ČSL,2 830,"2,67",3,*
1,Křesť.demokr.unie-Čs.str.lid.,29,Pelikán Šimon Mgr.,28,KDU-ČSL,BEZPP,2 440,"2,30",24,-
12,Komunistická str.Čech a Moravy,25,Peňáz Ivo,66,KSČM,KSČM,2 066,"2,18",21,-
14,Úsvit přímé demokracie,18,Periňár Imrich,53,Úsvit,BEZPP,468,"2,03",-,-
14,Úsvit přímé demokracie,24,Periňárová Ludmila,57,Úsvit,BEZPP,479,"2,08",-,-
5,Česká str.sociálně demokrat.,3,Petřík Miroslav Bc.,44,ČSSD,ČSSD,4 863,"2,44",3,*
7,TOP 09,29,Píchová Lenka,37,TOP 09,TOP 09,2 090,"2,12",25,-
11,Občané pro Olomouc,3,Pikal Vojtěch Bc.,27,Piráti,Piráti,2 150,"2,75",2,-
13,ANO 2011,19,Pilát Miroslav PaedDr. Ph.D.,55,ANO,BEZPP,5 802,"2,32",7,-
4,Patrioti PRO Olomouc,15,Pilatíková Alice Mgr.,27,NK,BEZPP,283,"2,11",-,-
14,Úsvit přímé demokracie,29,Plachá Marcela,43,Úsvit,BEZPP,481,"2,09",-,-
14,Úsvit přímé demokracie,23,Plachý Dušan,48,Úsvit,BEZPP,479,"2,08",-,-
14,Úsvit přímé demokracie,21,Plachý Lukáš,22,Úsvit,BEZPP,482,"2,09",-,-
8,Občanská demokratická strana,10,Plíhalová Ivana,52,ODS,BEZPP,3 244,"2,75",4,*
11,Občané pro Olomouc,36,Polách Vladimír Mgr. Ph.D.,37,Zelení,Zelení,1 616,"2,07",33,-
10,Strana Práv Občanů,10,Poláchová Olga,40,SPO,BEZPP,195,"3,59",-,-
10,Strana Práv Občanů,9,Ponížil Milan,60,SPO,BEZPP,195,"3,59",-,-
13,ANO 2011,25,Popelák Lukáš,27,ANO,ANO,5 519,"2,21",13,-
8,Občanská demokratická strana,19,Pospiechová Renata Mgr.,34,ODS,ODS,2 472,"2,10",14,-
8,Občanská demokratická strana,35,Pospíšil Martin Ing.,37,ODS,ODS,2 349,"1,99",30,-
9,Koruna Česká (monarch.strana),18,Pospíšil Mojmír,39,KČ,BEZPP,133,"3,03",-,-
14,Úsvit přímé demokracie,6,Pospíšil Roman PhDr. Mgr. Bc.,47,Úsvit,BEZPP,704,"3,06",-,-
12,Komunistická str.Čech a Moravy,20,Pospíšilová Eva,64,KSČM,KSČM,2 088,"2,21",16,-
7,TOP 09,14,Pospíšilová Isabela Mgr.,40,TOP 09,TOP 09,2 280,"2,31",12,-
11,Občané pro Olomouc,33,Potůčková Martina Mgr.,38,NK,BEZPP,1 621,"2,07",30,-
13,ANO 2011,24,Pour Lukáš  DiS.,33,ANO,ANO,5 483,"2,19",12,-
2,Strana svobodných občanů,9,Pracný Petr Ing.,60,Svobodní,Svobodní,546,"2,29",-,-
6,ProOlomouc,25,Prágerová Veronika,46,ProOl,BEZPP,1 435,"2,95",23,-
13,ANO 2011,6,Prchalová Petra Mgr. Bc.,28,ANO,ANO,5 850,"2,34",7,*
1,Křesť.demokr.unie-Čs.str.lid.,7,Procházka Petr MVDr.,50,KDU-ČSL,KDU-ČSL,2 765,"2,61",4,*
8,Občanská demokratická strana,36,Prošvic David,36,ODS,ODS,2 344,"1,99",31,-
7,TOP 09,45,Provázek Michal,33,TOP 09,BEZPP,1 370,"1,39",41,-
13,ANO 2011,4,Přerovský Martin Mgr.,35,ANO,ANO,6 074,"2,43",5,*
5,Česká str.sociálně demokrat.,43,Přidal Karel RNDr.,60,ČSSD,ČSSD,3 871,"1,94",33,-
13,ANO 2011,23,Přikrylová Dagmar MUDr.,42,ANO,BEZPP,5 675,"2,27",11,-
5,Česká str.sociálně demokrat.,15,Ptačovský Zdeněk,60,ČSSD,ČSSD,4 459,"2,24",5,-
14,Úsvit přímé demokracie,19,Rábel Lukáš,22,Úsvit,BEZPP,479,"2,08",-,-
14,Úsvit přímé demokracie,7,Rábel Patrik Ing.,42,Úsvit,BEZPP,632,"2,75",-,-
14,Úsvit přímé demokracie,43,Rabenseifnerová Jana,22,Úsvit,BEZPP,421,"1,83",-,-
4,Patrioti PRO Olomouc,24,Rajčák Pavel,26,NK,BEZPP,246,"1,84",-,-
8,Občanská demokratická strana,20,Rak Martin Mgr.,39,ODS,BEZPP,2 644,"2,24",15,-
11,Občané pro Olomouc,13,Reichová Dagmar Ing.,44,NK,BEZPP,1 863,"2,38",10,-
12,Komunistická str.Čech a Moravy,8,Reichová Marcela,55,KSČM,KSČM,2 174,"2,30",4,-
11,Občané pro Olomouc,11,Reiter Miloš,33,Piráti,Piráti,1 785,"2,28",8,-
9,Koruna Česká (monarch.strana),16,Richter Štefan,44,KČ,BEZPP,128,"2,92",-,-
1,Křesť.demokr.unie-Čs.str.lid.,38,Roubínek Pavel Mgr.,29,KDU-ČSL,BEZPP,2 083,"1,96",33,-
2,Strana svobodných občanů,31,Rozehnalová Ladislava Ing.,64,Svobodní,BEZPP,480,"2,02",-,-
12,Komunistická str.Čech a Moravy,28,Rozkoš Michal,79,KSČM,KSČM,2 051,"2,17",24,-
2,Strana svobodných občanů,21,Rusnok Michal,25,Svobodní,BEZPP,503,"2,11",-,-
7,TOP 09,43,Růžička Michal Mgr. Ph.D.,34,TOP 09,BEZPP,1 655,"1,68",39,-
1,Křesť.demokr.unie-Čs.str.lid.,32,Růžičková Šárka Mgr.,31,KDU-ČSL,BEZPP,2 296,"2,17",27,-
11,Občané pro Olomouc,44,Rygel David Bc.,43,NK,BEZPP,1 297,"1,66",41,-
13,ANO 2011,33,Ryšánek František,50,ANO,BEZPP,5 407,"2,16",21,-
3,"REPUBL.STR.ČECH,MORAVY A SLEZ.",1,Ryšlink Pavel,71,SPR-RSČMS,SPR-RSČMS,151,"3,89",-,-
3,"REPUBL.STR.ČECH,MORAVY A SLEZ.",20,Ryšlinková Hana,66,SPR-RSČMS,BEZPP,99,"2,55",-,-
4,Patrioti PRO Olomouc,1,Rytíř Jan JUDr. PhD.,46,NK,BEZPP,788,"5,89",-,-
12,Komunistická str.Čech a Moravy,16,Řezníček Milan,54,KSČM,KSČM,2 131,"2,25",12,-
2,Strana svobodných občanů,28,Řihák Jiří,59,Svobodní,BEZPP,484,"2,03",-,-
11,Občané pro Olomouc,8,Řihošek Jan Ing.,62,NK,BEZPP,2 054,"2,63",5,-
11,Občané pro Olomouc,20,Říhová Dagmar Mgr.,31,Zelení,BEZPP,1 727,"2,21",17,-
13,ANO 2011,39,Sadílek Rostislav Mgr.,52,ANO,BEZPP,5 186,"2,08",27,-
4,Patrioti PRO Olomouc,34,Sázel Zdeněk,46,NK,BEZPP,238,"1,78",-,-
12,Komunistická str.Čech a Moravy,34,Sedláček Ladislav,64,KSČM,BEZPP,2 024,"2,14",30,-
8,Občanská demokratická strana,33,Sehnal Milan,84,ODS,BEZPP,2 385,"2,02",28,-
8,Občanská demokratická strana,27,Sekanina Pavel Ing.,60,ODS,ODS,2 485,"2,11",22,-
12,Komunistická str.Čech a Moravy,32,Sekanina Zdeněk,60,KSČM,KSČM,2 057,"2,17",28,-
11,Občané pro Olomouc,40,Schaferová Michaela Mgr.,37,Zelení,BEZPP,1 533,"1,96",37,-
13,ANO 2011,16,Schertlerová Anna MVDr.,30,ANO,BEZPP,5 778,"2,31",4,-
14,Úsvit přímé demokracie,36,Schneiderová Jitka,61,Úsvit,BEZPP,450,"1,95",-,-
4,Patrioti PRO Olomouc,38,Schön Vladimír,51,NK,BEZPP,225,"1,68",-,-
14,Úsvit přímé demokracie,28,Schubert Jaroslav Ing.,49,Úsvit,BEZPP,477,"2,07",-,-
8,Občanská demokratická strana,8,Schubert Radim,34,ODS,ODS,2 753,"2,34",7,-
5,Česká str.sociálně demokrat.,25,Schwarz Richard,23,ČSSD,ČSSD,4 371,"2,19",15,-
12,Komunistická str.Čech a Moravy,3,Skácel Miroslav PaedDr.,66,KSČM,KSČM,2 331,"2,46",2,*
8,Občanská demokratická strana,17,Skácelík Jiří,61,ODS,BEZPP,2 769,"2,35",12,-
3,"REPUBL.STR.ČECH,MORAVY A SLEZ.",24,Skácelová Renáta,45,SPR-RSČMS,BEZPP,76,"1,95",-,-
12,Komunistická str.Čech a Moravy,12,Skalka Přemysl MVDr.,61,KSČM,KSČM,2 193,"2,32",8,-
4,Patrioti PRO Olomouc,41,Sklenář Vladimír,54,NK,BEZPP,248,"1,85",-,-
3,"REPUBL.STR.ČECH,MORAVY A SLEZ.",4,Skovajsová Hana,60,SPR-RSČMS,BEZPP,100,"2,57",-,-
8,Občanská demokratická strana,24,Skřivánek Aleš MUDr. Ph.D.,49,ODS,ODS,2 873,"2,44",19,-
8,Občanská demokratická strana,37,Sláma Petr,40,ODS,ODS,2 306,"1,96",32,-
3,"REPUBL.STR.ČECH,MORAVY A SLEZ.",3,Sláma Roman,51,SPR-RSČMS,SPR-RSČMS,139,"3,58",-,-
11,Občané pro Olomouc,23,Slámová Lenka PhDr.,36,Zelení,Zelení,1 710,"2,19",20,-
14,Úsvit přímé demokracie,16,Slouka Pavel,45,Úsvit,BEZPP,516,"2,24",-,-
7,TOP 09,34,Smešný Trtková Kateřina Ing. CSc.,49,TOP 09,TOP 09,1 995,"2,02",30,-
3,"REPUBL.STR.ČECH,MORAVY A SLEZ.",44,Smítal Petr,52,SPR-RSČMS,BEZPP,83,"2,13",-,-
11,Občané pro Olomouc,39,Snídal František,81,NK,BEZPP,1 449,"1,85",36,-
2,Strana svobodných občanů,12,Sofka Luděk,33,Svobodní,BEZPP,564,"2,37",-,-
9,Koruna Česká (monarch.strana),2,Sommerová Eva RNDr.,66,KČ,KČ,209,"4,77",-,-
10,Strana Práv Občanů,18,Soukalová Eva,58,SPO,BEZPP,135,"2,48",-,-
10,Strana Práv Občanů,6,Sova Petr,48,SPO,SPO,223,"4,10",-,-
5,Česká str.sociálně demokrat.,27,Sovinský Jaroslav JUDr. Ph.D.,41,ČSSD,ČSSD,4 434,"2,22",17,-
10,Strana Práv Občanů,29,Sovová Božena,81,SPO,BEZPP,115,"2,11",-,-
13,ANO 2011,3,Spáčil Jaroslav,40,ANO,ANO,5 952,"2,38",4,*
4,Patrioti PRO Olomouc,2,Spilka Miroslav,53,NK,BEZPP,613,"4,58",-,-
5,Česká str.sociálně demokrat.,45,Spurná-Svobodová Anna  DiS.,31,ČSSD,ČSSD,3 594,"1,80",35,-
5,Česká str.sociálně demokrat.,1,Staněk Antonín Doc. Mgr. Ph.D.,48,ČSSD,ČSSD,5 286,"2,65",1,*
4,Patrioti PRO Olomouc,25,Staníčková Marcela,34,NK,BEZPP,261,"1,95",-,-
14,Úsvit přímé demokracie,12,Staňka Radoslav,57,Úsvit,BEZPP,479,"2,08",-,-
14,Úsvit přímé demokracie,27,Staňková Radana Ing.,33,Úsvit,BEZPP,488,"2,12",-,-
11,Občané pro Olomouc,38,Stavinoha Michal,44,NK,BEZPP,1 482,"1,90",35,-
7,TOP 09,21,Steiger Jiří Mgr.,45,TOP 09,TOP 09,2 141,"2,17",17,-
1,Křesť.demokr.unie-Čs.str.lid.,19,Stejskal Ladislav,43,KDU-ČSL,KDU-ČSL,2 313,"2,18",14,-
2,Strana svobodných občanů,24,Stodůlková Pinďurová Zuzana Mgr.,34,Svobodní,BEZPP,552,"2,32",-,-
3,"REPUBL.STR.ČECH,MORAVY A SLEZ.",42,Stošek Karel,67,SPR-RSČMS,BEZPP,69,"1,77",-,-
1,Křesť.demokr.unie-Čs.str.lid.,12,Stranyánek Jiří RNDr.,72,KDU-ČSL,KDU-ČSL,2 388,"2,25",7,-
7,TOP 09,8,Svitavský Otakar MUDr.,57,TOP 09,TOP 09,2 493,"2,53",3,-
7,TOP 09,39,Svoboda Jiří Mgr.,36,TOP 09,TOP 09,1 829,"1,85",35,-
1,Křesť.demokr.unie-Čs.str.lid.,21,Svobodová Pavla Mgr.,32,KDU-ČSL,BEZPP,2 285,"2,16",16,-
14,Úsvit přímé demokracie,1,Sýkora Tomáš Mgr. Ing.,46,Úsvit,BEZPP,782,"3,40",-,-
5,Česká str.sociálně demokrat.,30,Szczyrba Zdeněk Doc. RNDr. Ph.D.,47,ČSSD,ČSSD,4 410,"2,21",20,-
7,TOP 09,13,Šafránek Petr Bc.,51,TOP 09,TOP 09,2 316,"2,35",11,-
6,ProOlomouc,11,Šaňák Daniel doc. MUDr. Ph.D.,38,ProOl,BEZPP,1 758,"3,62",9,-
7,TOP 09,16,Šarapatková Hana MUDr. Ph.D.,55,TOP 09,BEZPP,2 628,"2,66",1,-
11,Občané pro Olomouc,31,Šavrňák Lubomír,40,Zelení,Zelení,1 549,"1,98",28,-
5,Česká str.sociálně demokrat.,18,Ščudlík Svatopluk Mgr.,62,ČSSD,ČSSD,4 525,"2,27",8,-
7,TOP 09,18,Šebestík Zdenek Mgr.,53,TOP 09,TOP 09,2 271,"2,30",14,-
14,Úsvit přímé demokracie,45,Šedá Anna,64,Úsvit,BEZPP,385,"1,67",-,-
14,Úsvit přímé demokracie,41,Šedý Jaroslav,51,Úsvit,BEZPP,439,"1,91",-,-
5,Česká str.sociálně demokrat.,39,Šefčík Michal,47,ČSSD,ČSSD,4 138,"2,07",29,-
11,Občané pro Olomouc,24,Ševčík Daniel Mgr.,33,Zelení,Zelení,1 621,"2,07",21,-
8,Občanská demokratická strana,38,Šimeček Radim,21,ODS,ODS,2 279,"1,93",33,-
4,Patrioti PRO Olomouc,4,Šimek František,46,NK,BEZPP,375,"2,80",-,-
2,Strana svobodných občanů,32,Šimek Jiří,36,Svobodní,BEZPP,490,"2,06",-,-
7,TOP 09,9,Šimša Karel Ing.,46,TOP 09,TOP 09,2 447,"2,48",5,-
8,Občanská demokratická strana,39,Šincl Antonín,77,ODS,ODS,2 237,"1,90",34,-
13,ANO 2011,36,Šindelářová Veronika Mgr.,27,ANO,ANO,5 352,"2,14",24,-
6,ProOlomouc,13,Šindelka Jakub Bc.,30,ProOl,BEZPP,1 515,"3,12",11,-
6,ProOlomouc,29,Šindelka Jaroslav Mgr.,51,ProOl,BEZPP,1 369,"2,82",27,-
6,ProOlomouc,7,Šinkovský Martin,35,ProOl,ProOl,1 591,"3,27",5,-
3,"REPUBL.STR.ČECH,MORAVY A SLEZ.",31,Šípek Ivo,47,SPR-RSČMS,BEZPP,80,"2,06",-,-
9,Koruna Česká (monarch.strana),17,Šiška Bedřich Ing.,56,KČ,BEZPP,148,"3,38",-,-
7,TOP 09,4,Šišková Kateřina Mgr.,29,TOP 09,TOP 09,2 389,"2,42",7,-
11,Občané pro Olomouc,15,Škabraha Martin Mgr. Ph.D.,34,Zelení,Zelení,1 858,"2,38",12,-
7,TOP 09,25,Škarabela Jiří Mgr.,37,TOP 09,TOP 09,2 132,"2,16",21,-
6,ProOlomouc,21,Škvařilová Marcela MUDr.,60,ProOl,BEZPP,1 558,"3,20",19,-
14,Úsvit přímé demokracie,40,Šlezar Radomír,63,Úsvit,BEZPP,437,"1,90",-,-
3,"REPUBL.STR.ČECH,MORAVY A SLEZ.",29,Šmíd Pavel,39,SPR-RSČMS,BEZPP,78,"2,00",-,-
5,Česká str.sociálně demokrat.,31,Šmída Miloslav Bc.,42,ČSSD,ČSSD,4 301,"2,16",21,-
6,ProOlomouc,30,Šmoldas Jan Ing. arch.,61,ProOl,BEZPP,1 477,"3,04",28,-
7,TOP 09,10,Šnajdrová Irena,55,TOP 09,TOP 09,2 232,"2,26",8,-
5,Česká str.sociálně demokrat.,20,Šnajdrová Milada,54,ČSSD,ČSSD,4 471,"2,24",10,-
1,Křesť.demokr.unie-Čs.str.lid.,1,Šnevajs Ladislav RNDr.,52,KDU-ČSL,KDU-ČSL,3 322,"3,14",1,*
1,Křesť.demokr.unie-Čs.str.lid.,45,Šolcová Adéla Bc. DiS.,23,KDU-ČSL,BEZPP,1 751,"1,65",40,-
14,Úsvit přímé demokracie,42,Šoustal Karel,59,Úsvit,BEZPP,446,"1,94",-,-
8,Občanská demokratická strana,41,Šputa Oldřich Ing.,60,ODS,ODS,2 195,"1,86",36,-
13,ANO 2011,42,Šromotová Soňa Mgr.,69,ANO,BEZPP,4 877,"1,95",30,-
8,Občanská demokratická strana,45,Štěpánková Martina,31,ODS,ODS,1 835,"1,55",40,-
7,TOP 09,24,Šváb František Bc. DiS.,35,TOP 09,TOP 09,2 099,"2,13",20,-
14,Úsvit přímé demokracie,15,Švabík Tomáš,42,Úsvit,BEZPP,490,"2,13",-,-
12,Komunistická str.Čech a Moravy,42,Švaříček Stanislav RSDr.,70,KSČM,KSČM,1 969,"2,08",38,-
11,Občané pro Olomouc,18,Švec Vilém Ing.,37,NK,BEZPP,1 843,"2,36",15,-
3,"REPUBL.STR.ČECH,MORAVY A SLEZ.",32,Švehlíková Miroslava,63,SPR-RSČMS,SPR-RSČMS,69,"1,77",-,-
7,TOP 09,3,Taclová Anna Ing.,58,TOP 09,TOP 09,2 667,"2,70",3,*
1,Křesť.demokr.unie-Čs.str.lid.,9,Tesařík Vladislav Mgr.,51,KDU-ČSL,BEZPP,2 472,"2,33",4,-
13,ANO 2011,27,Tichý Luděk Mgr.,38,ANO,BEZPP,5 556,"2,22",15,-
13,ANO 2011,10,Tichý Miloslav Mgr.,27,ANO,ANO,5 771,"2,31",11,*
5,Česká str.sociálně demokrat.,44,Tichý Miroslav Ing.,42,ČSSD,ČSSD,3 817,"1,91",34,-
14,Úsvit přímé demokracie,38,Tippeltová Hana,25,Úsvit,BEZPP,458,"1,99",-,-
2,Strana svobodných občanů,22,Toman Martin,43,Svobodní,BEZPP,506,"2,13",-,-
3,"REPUBL.STR.ČECH,MORAVY A SLEZ.",19,Tomanová Renata,47,SPR-RSČMS,BEZPP,79,"2,03",-,-
12,Komunistická str.Čech a Moravy,39,Tomášek Jan,69,KSČM,KSČM,2 000,"2,11",35,-
4,Patrioti PRO Olomouc,27,Tomášková Pavla,46,NK,BEZPP,240,"1,79",-,-
8,Občanská demokratická strana,28,Tomeš Martin Mgr.,33,ODS,ODS,2 418,"2,05",23,-
12,Komunistická str.Čech a Moravy,27,Třeská Štefánia,51,KSČM,BEZPP,2 075,"2,19",23,-
8,Občanská demokratická strana,43,Ťulpa Karel,52,ODS,ODS,2 134,"1,81",38,-
13,ANO 2011,45,Tuška Jiří,71,ANO,BEZPP,4 322,"1,73",33,-
3,"REPUBL.STR.ČECH,MORAVY A SLEZ.",8,Uhlíková Ingrid,42,SPR-RSČMS,BEZPP,107,"2,75",-,-
5,Česká str.sociálně demokrat.,2,Urbášek Pavel PhDr.,54,ČSSD,ČSSD,4 913,"2,46",2,*
2,Strana svobodných občanů,43,Utěšená Alena,64,Svobodní,BEZPP,438,"1,84",-,-
11,Občané pro Olomouc,16,Vacková Hana Ing. Mgr.,60,Zelení,BEZPP,1 797,"2,30",13,-
4,Patrioti PRO Olomouc,37,Valenta Pavel,39,NK,BEZPP,251,"1,87",-,-
5,Česká str.sociálně demokrat.,42,Valentová Marcela,51,ČSSD,ČSSD,3 964,"1,99",32,-
2,Strana svobodných občanů,7,Valouch Jiří Ing.,32,Svobodní,Svobodní,605,"2,54",-,-
13,ANO 2011,8,Vanečková Magdaléna,41,ANO,ANO,5 769,"2,31",9,*
4,Patrioti PRO Olomouc,35,Vaverka Ladislav,43,NK,BEZPP,244,"1,82",-,-
2,Strana svobodných občanů,33,Vážanský Jaroslav,57,Svobodní,BEZPP,490,"2,06",-,-
12,Komunistická str.Čech a Moravy,21,Večerka František,62,KSČM,KSČM,2 089,"2,21",17,-
12,Komunistická str.Čech a Moravy,35,Večeřa Alois,69,KSČM,BEZPP,2 027,"2,14",31,-
12,Komunistická str.Čech a Moravy,11,Večeřová Liběna Ing.,47,KSČM,KSČM,2 208,"2,33",7,-
10,Strana Práv Občanů,2,Vejbor Petr Mgr.,33,SPO,SPO,253,"4,65",-,-
10,Strana Práv Občanů,16,Vejborová Alice PhDr.,58,SPO,SPO,183,"3,37",-,-
6,ProOlomouc,20,Velfel Aleš,48,ProOl,BEZPP,1 377,"2,83",18,-
1,Křesť.demokr.unie-Čs.str.lid.,41,Venkrbcová Drahomíra Mgr.,52,KDU-ČSL,KDU-ČSL,2 071,"1,95",36,-
9,Koruna Česká (monarch.strana),10,Veselý Lubomír,50,KČ,BEZPP,184,"4,20",-,-
4,Patrioti PRO Olomouc,8,Vitásek Jiří,28,NK,BEZPP,308,"2,30",-,-
4,Patrioti PRO Olomouc,33,Vitásková Jana  DiS.,29,NK,BEZPP,238,"1,78",-,-
2,Strana svobodných občanů,34,Vitásková Marie,35,Svobodní,BEZPP,497,"2,09",-,-
7,TOP 09,7,Vlach Ivo Ing.,55,TOP 09,TOP 09,2 663,"2,70",4,*
2,Strana svobodných občanů,20,Vlach Jiří Ing.,32,Svobodní,BEZPP,506,"2,13",-,-
4,Patrioti PRO Olomouc,21,Vlaschinská Jana,54,NK,BEZPP,242,"1,81",-,-
2,Strana svobodných občanů,41,Vlček Dominik,20,Svobodní,BEZPP,459,"1,93",-,-
5,Česká str.sociálně demokrat.,40,Vlček František Mgr.,58,ČSSD,ČSSD,4 141,"2,08",30,-
14,Úsvit přímé demokracie,17,Vlček Pavel,22,Úsvit,BEZPP,489,"2,12",-,-
10,Strana Práv Občanů,26,Vlček Rudolf,65,SPO,BEZPP,118,"2,17",-,-
5,Česká str.sociálně demokrat.,41,Vlha Roman Bc.,35,ČSSD,ČSSD,4 025,"2,02",31,-
4,Patrioti PRO Olomouc,29,Vojáčková Blanka,43,NK,BEZPP,250,"1,87",-,-
12,Komunistická str.Čech a Moravy,17,Vojáčková Jitka,37,KSČM,BEZPP,2 134,"2,25",13,-
12,Komunistická str.Čech a Moravy,29,Vragová Dagmar,62,KSČM,KSČM,2 044,"2,16",25,-
11,Občané pro Olomouc,41,Vrbický Jan Mgr.,40,Zelení,Zelení,1 511,"1,93",38,-
3,"REPUBL.STR.ČECH,MORAVY A SLEZ.",16,Výboch Miroslav,66,SPR-RSČMS,BEZPP,83,"2,13",-,-
10,Strana Práv Občanů,30,Výbochová Jana,62,SPO,BEZPP,140,"2,57",-,-
3,"REPUBL.STR.ČECH,MORAVY A SLEZ.",30,Vychodil Alois,69,SPR-RSČMS,BEZPP,72,"1,85",-,-
2,Strana svobodných občanů,16,Vykopal Kamil Mgr.,33,Svobodní,BEZPP,508,"2,13",-,-
11,Občané pro Olomouc,27,Vymazal Petr Mgr. DiS.,31,Piráti,BEZPP,1 644,"2,10",24,-
5,Česká str.sociálně demokrat.,34,Vymětal Jiří Mgr.,31,ČSSD,ČSSD,4 317,"2,16",24,-
4,Patrioti PRO Olomouc,26,Vymětal Lukáš,28,NK,BEZPP,263,"1,96",-,-
13,ANO 2011,22,Vymětal Otmar,50,ANO,BEZPP,5 506,"2,20",10,-
1,Křesť.demokr.unie-Čs.str.lid.,35,Výmola Miroslav Mgr.,31,KDU-ČSL,BEZPP,2 097,"1,98",30,-
7,TOP 09,5,Vysoudil Martin Mgr.,32,TOP 09,TOP 09,2 414,"2,45",6,-
13,ANO 2011,44,Wagner Jaroslav RNDr. Ph.D.,61,ANO,BEZPP,4 697,"1,88",32,-
13,ANO 2011,41,Wagner Zdenek Ing.,40,ANO,BEZPP,5 057,"2,02",29,-
5,Česká str.sociálně demokrat.,9,Weiermüllerová Jitka,43,ČSSD,ČSSD,4 631,"2,32",9,*
12,Komunistická str.Čech a Moravy,40,Weinertová Ivanka,73,KSČM,KSČM,1 982,"2,09",36,-
7,TOP 09,38,Werdichová Jana,49,TOP 09,TOP 09,1 914,"1,94",34,-
14,Úsvit přímé demokracie,5,Werner Eduard Ing.,62,Úsvit,BEZPP,626,"2,72",-,-
4,Patrioti PRO Olomouc,43,Wittmannová Žaneta,40,NK,BEZPP,224,"1,67",-,-
8,Občanská demokratická strana,31,Záhora Benedikt,39,ODS,ODS,2 391,"2,03",26,-
7,TOP 09,20,Zapletal Jan Mgr.,30,TOP 09,TOP 09,2 191,"2,22",16,-
7,TOP 09,27,Zapletal Ladislav MUDr.,60,TOP 09,TOP 09,2 266,"2,30",23,-
14,Úsvit přímé demokracie,11,Zapletal Marek,40,Úsvit,BEZPP,502,"2,18",-,-
5,Česká str.sociálně demokrat.,14,Zatloukal Pavel,50,ČSSD,ČSSD,4 608,"2,31",4,-
12,Komunistická str.Čech a Moravy,2,Zima Jiří PhDr.,54,KSČM,KSČM,2 305,"2,44",3,*
5,Česká str.sociálně demokrat.,5,Žáček Filip Mgr.,27,ČSSD,ČSSD,4 670,"2,34",5,*
13,ANO 2011,37,Žáková Daniela,40,ANO,BEZPP,5 275,"2,11",25,-
13,ANO 2011,2,Žbánek Miroslav Mgr. MPA,41,ANO,ANO,6 095,"2,44",3,*
13,ANO 2011,35,Živcová Lucie,40,ANO,BEZPP,5 413,"2,17",23,-
1,Křesť.demokr.unie-Čs.str.lid.,34,Žůrková Dagmar Mgr.,65,KDU-ČSL,KDU-ČSL,2 143,"2,02",29,-
11,Občané pro Olomouc,21,Žwak Pavel Mgr.,31,Zelení,BEZPP,1 612,"2,06",18,-
